References fitted,Quantity fitted per board,Lean purchase quantity for ONE board,Optional purchase with small-passive spares,MPN,Value,Footprint,Unit USD allowance - NOT QUOTE,Lean extended USD allowance,Price evidence
J3,1,1,1,282834-2,Speaker 4ohm 3W,TerminalBlock_TE-Connectivity:TerminalBlock_TE_282834-2_1x02_P2.54mm_Horizontal,0.8,0.8,Inherited allowance; refresh supplier cart
Q3,1,1,1,AO3401A,AO3401A,Package_TO_SOT_SMD:SOT-23,0.25,0.25,Inherited allowance; refresh supplier cart
SW1,1,1,1,B3F-1000,Momentary button,Button_Switch_THT:SW_PUSH_6mm_H4.3mm,0.3,0.3,Inherited allowance; refresh supplier cart
D1,1,1,1,BZT52C10-7-F,10V gate zener,Diode_SMD:D_SOD-123,0.12,0.12,Inherited allowance; refresh supplier cart
"C111, C307, C308",3,3,5,C0805C102J5GACTU,1n,Capacitor_SMD:C_0805_2012Metric,0.15,0.45,Inherited allowance; refresh supplier cart
"C3, C4, C103, C104, C109, C110, C302, C303, C401, C402, C403",11,11,13,C0805C104K5RACTU,100n,Capacitor_SMD:C_0805_2012Metric,0.15,1.65,Inherited allowance; refresh supplier cart
"C1, C2, C5, C6, C301",5,5,7,C0805C105K5RACTU,1u,Capacitor_SMD:C_0805_2012Metric,0.15,0.75,Inherited allowance; refresh supplier cart
C306,1,1,3,C0805C224K5RACTU,220n,Capacitor_SMD:C_0805_2012Metric,0.15,0.15,Inherited allowance; refresh supplier cart
"C101, C102",2,2,4,C0805C472J5GACTU,4.7n,Capacitor_SMD:C_0805_2012Metric,0.15,0.3,Inherited allowance; refresh supplier cart
"C107, C108, C304",3,3,5,C1206C106K4RACTU,10u,Capacitor_SMD:C_1206_3216Metric,0.15,0.45,Inherited allowance; refresh supplier cart
U1,1,1,1,CYPD3177-24LQXQ,CYPD3177-24LQXQ,Package_DFN_QFN:QFN-24-1EP_4x4mm_P0.5mm_EP2.75x2.75mm,3.5,3.5,Inherited allowance; refresh supplier cart
C305,1,1,1,EEU-FR1A101,100u 10V,Capacitor_THT:CP_Radial_D5.0mm_P2.00mm,0.35,0.35,Inherited allowance; refresh supplier cart
C106,1,1,1,EEU-FR1A102L,1000u 10V,Capacitor_THT:CP_Radial_D8.0mm_P3.50mm,0.85,0.85,Inherited allowance; refresh supplier cart
C105,1,1,1,EEU-FR1A222L,2200u 10V,Capacitor_THT:CP_Radial_D10.0mm_P5.00mm,1.3,1.3,Inherited allowance; refresh supplier cart
"Q1, Q2",2,2,2,FDS6673BZ,FDS6673BZ,Package_SO:SO-8_3.9x4.9mm_P1.27mm,1.76,3.52,"DigiKey indexed substitute listing: $1.76, 4781 in stock, checked 2026-09-10; not reserved"
U6,1,1,1,ICS-43434,ICS-43434,Sensor_Audio:InvenSense_ICS-43434-6_3.5x2.65mm,4.2,4.2,Inherited allowance; refresh supplier cart
U7,1,1,1,MAX98357AETE+T,MAX98357AETE+T,Package_DFN_QFN:TQFN-16-1EP_3x3mm_P0.5mm_EP1.23x1.23mm,4.08,4.08,Inherited allowance; refresh supplier cart
D101,1,1,1,MMSZ5V1T1G,5.1V EN clamp,Diode_SMD:D_SOD-123,0.17,0.17,"DigiKey indexed substitute listing: $0.17, 101196 in stock, checked 2026-09-10; not reserved"
"R2, R110, R111, R303, R306, R401, R410",7,7,9,RC0805FR-07100KL,100k 1%,Resistor_SMD:R_0805_2012Metric,0.05,0.35,Inherited allowance; refresh supplier cart
R407,1,1,3,RC0805FR-07100RL,100 1%,Resistor_SMD:R_0805_2012Metric,0.05,0.05,Inherited allowance; refresh supplier cart
"R4, R112, R113, R114, R115",5,5,7,RC0805FR-0710KL,10k 1%,Resistor_SMD:R_0805_2012Metric,0.05,0.25,Inherited allowance; refresh supplier cart
"R1, R305, R403, R409",4,4,6,RC0805FR-071KL,1k 1%,Resistor_SMD:R_0805_2012Metric,0.05,0.2,Inherited allowance; refresh supplier cart
R406,1,1,3,RC0805FR-072K2L,2.2k 1%,Resistor_SMD:R_0805_2012Metric,0.05,0.05,Inherited allowance; refresh supplier cart
R109,1,1,3,RC0805FR-072M2L,2.2M 1%,Resistor_SMD:R_0805_2012Metric,0.05,0.05,Inherited allowance; refresh supplier cart
"R201, R202, R203, R302",4,4,6,RC0805FR-0733RL,33 1%,Resistor_SMD:R_0805_2012Metric,0.05,0.2,Inherited allowance; refresh supplier cart
R301,1,1,3,RC0805FR-0747RL,47 1%,Resistor_SMD:R_0805_2012Metric,0.05,0.05,Inherited allowance; refresh supplier cart
R3,1,1,3,RC0805FR-0749K9L,49.9k 1%,Resistor_SMD:R_0805_2012Metric,0.05,0.05,Inherited allowance; refresh supplier cart
R402,1,1,3,RC0805FR-074K7L,4.7k 1%,Resistor_SMD:R_0805_2012Metric,0.05,0.05,Inherited allowance; refresh supplier cart
R411,1,1,3,RC0805FR-07680RL,680 1%,Resistor_SMD:R_0805_2012Metric,0.05,0.05,Inherited allowance; refresh supplier cart
"R104, R106, R108, R405",4,4,6,RT0805BRD0710KL,10k 0.1%,Resistor_SMD:R_0805_2012Metric,0.18,0.72,Inherited allowance; refresh supplier cart
R404,1,1,3,RT0805BRD0712K4L,12.4k 0.1%,Resistor_SMD:R_0805_2012Metric,0.18,0.18,Inherited allowance; refresh supplier cart
R101,1,1,3,RT0805BRD071KL,1k 0.1%,Resistor_SMD:R_0805_2012Metric,0.18,0.18,Inherited allowance; refresh supplier cart
R107,1,1,3,RT0805BRD0729K8L,29.8k 0.1%,Resistor_SMD:R_0805_2012Metric,0.18,0.18,Inherited allowance; refresh supplier cart
"R103, R105",2,2,4,RT0805BRD0734KL,34.0k 0.1%,Resistor_SMD:R_0805_2012Metric,0.18,0.36,Inherited allowance; refresh supplier cart
R102,1,1,3,RT0805BRD073K32L,3.32k 0.1%,Resistor_SMD:R_0805_2012Metric,0.18,0.18,Inherited allowance; refresh supplier cart
D2,1,1,1,SMAJ15A-13-F,15V transient suppressor,Diode_SMD:D_SMA,0.45,0.45,Inherited allowance; refresh supplier cart
U8,1,1,1,SN74LVC1G07DBVR,SN74LVC1G07DBVR,Package_TO_SOT_SMD:SOT-23-5,0.35,0.35,Inherited allowance; refresh supplier cart
U5,1,1,1,SN74LVC1G08DBVR,SN74LVC1G08DBVR,Package_TO_SOT_SMD:SOT-23-5,0.35,0.35,Inherited allowance; refresh supplier cart
U10,1,1,1,SN74LVC1G17DBVR,SN74LVC1G17DBVR,Package_TO_SOT_SMD:SOT-23-5,0.4,0.4,Inherited allowance; refresh supplier cart
R408,1,1,1,SQP500JB-10R,10ohm 5W,Resistor_THT:R_Axial_Power_L25.0mm_W9.0mm_P30.48mm,0.6,0.6,Inherited allowance; refresh supplier cart
"L1, L2",2,2,2,SRN6045TA-100M,10uH 3.2A,Alfred:SRN6045TA_100M,0.75,1.5,Inherited allowance; refresh supplier cart
J2,1,1,1,SSW-120-01-G-D,Pi Zero 2 W carrier socket,Connector_PinSocket_2.54mm:PinSocket_2x20_P2.54mm_Vertical,4.5,4.5,Inherited allowance; refresh supplier cart
U9,1,1,1,TL431AIDBZR,TL431AIDBZR,Package_TO_SOT_SMD:SOT-23,0.4,0.4,Inherited allowance; refresh supplier cart
U4,1,1,1,TLV3012BIDBVR,TLV3012BIDBVR,Package_TO_SOT_SMD:SOT-23-6,2.78,2.78,Inherited allowance; refresh supplier cart
"U2, U3",2,2,2,TPS259470LRPWR,TPS259470LRPWR,Alfred:TI_RPW0010A,1.72,3.44,Inherited allowance; refresh supplier cart
J4,1,1,1,TSW-103-07-G-S,Jaw: GND +5V SIG,Connector_PinHeader_2.54mm:PinHeader_1x03_P2.54mm_Vertical,0.45,0.45,Inherited allowance; refresh supplier cart
J1,1,1,1,USB4105-GF-A,USB-C 5V/5A PD,Connector_USB:USB_C_Receptacle_GCT_USB4105-xx-A_16P_TopMnt_Horizontal,1.2,1.2,Inherited allowance; refresh supplier cart
D3,1,1,1,WP710A10SGC,Green status LED,LED_THT:LED_D3.0mm,0.3,0.3,Inherited allowance; refresh supplier cart
